Index,,,,,,,,,,,,,,,,,,,,,,,,,,,,,,,,,,,,,,,,,,,,,,,,,,,,,,,,,,,,,,,,,,,,,,,,,,,,,,,,
,,,,,,,,,,,,,,,,,,,,,,,,,,,,,,,,,,,,,,,,,,,,,,,,,,,,,,,,,,,,,,,,,,,,,,,,,,,,,,,,
 FINANCIAL STATEMENTS (As per IFRS) ,,,,,,,,,,,,,,,,,,,,,,,,,,,,,,,,,,,,,,,,,,,,,,,,,,,,,,,,,,,,,,,,,,,,,,,,,,,,,,,,
Balance Sheet (Rs. Crores),Q1 09,Q2 09,Q3 09,Q4 09,FY09,Q1 10,Q2 10,Q3 10,Q4 10,FY10,Q1 11,Q2 11,Q3 11,Q4 11,FY 11,Q1 12,Q2 12,Q3 12,Q4 12,FY 12,Q1 13,Q2 13,Q3 13,Q4 13,FY 13,Q1 14,Q2 14,Q3 14,Q4 14,FY 14,Q1 15,Q2 15,Q3 15,Q4 15,FY 15,Q1 16,Q2 16,Q3 16,Q4 16,FY 16,Q1 17,Q2 17,Q3 17,Q4 17, FY 17,Q1 18,Q2 18,Q3 18,Q4 18,FY 18 , Q1 19 , Q2 19 , Q3 19 , Q4 19 , FY 19  , Q1 20 , Q2 20 , Q3 20 , Q4 20 ,  FY 20  , Q1 21 , Q2 21 , Q3 21 , Q4 21 , FY 21 , Q1 22 , Q2 22 , Q3 22 , Q4 22 ,  FY 22 , Q1 23 , Q2 23 , Q3 23 , Q4 23 , FY 23 , Q1 24 , Q2 24 , Q3 24 , Q4 24 , FY 24 
Assets,,,,,,,,,,,,,,,,,,,,,,,,,,,,,,,,,,,,,,,,,,,,,,,,,,,,,,,,,,,,,,,,,,,,,,,,,,,,,,,,
Cash and Equivalents,"6,145 ","7,305 ","8,463 ","10,993 ","10,993 ","9,578 ","9,051 ","9,176 ","12,111 ","12,111 ","13,987 ","15,401 ","14,819 ","16,666 ","16,666 ","16,916 ","18,535 ","19,495 ","20,591 ","20,591 ","18,031 ","17,257 ","15,071 ","21,832 ","21,832 ","21,120 ","22,543 ","22,947 ","25,950 ","25,950 ","25,059 ","28,432 ","32,023 ","30,367 ","30,367 ","28,142 ","29,946 ","29,476 ","32,697 ","32,697 ","31,050 ","31,732 ","26,113 ","22,625 ","22,625 ","23,117 ","23,339 ","20,611 ","19,818 ","19,818 ","16,506 ","17,851 ","16,448 ","19,568 ","19,568 ","15,642 ","16,473 ","17,288 ","18,649 ","18,649 ","23,039 ","22,411 ","22,079 ","24,714 ","24,714 ","21,339 ","18,056 ","15,943 ","17,472 ","17,472 ","13,982 ","14,869 ","11,587 ","12,173 ","12,173 ","19,572 ","15,713 ",,,"15,713 "
Available-for-sale financial assets/current investments,153 ,986 ,198 ,,,"1,152 ","3,222 ","5,273 ","2,518 ","2,518 ",194 ,38 ,14 ,21 ,21 ,29 ,41 ,13 ,32 ,32 ,"2,161 ","4,986 ","7,365 ","1,739 ","1,739 ","2,448 ","2,810 ","2,586 ","2,197 ","2,197 ","2,810 ","3,771 ","1,509 ",874 ,874 ,736 ,582 ,451 ,75 ,75 ,563 ,"2,154 ","4,367 ","9,970 ","9,970 ","10,388 ","12,122 ","2,481 ","6,407 ","6,407 ","6,876 ","7,580 ","9,819 ","6,627 ","6,627 ","5,373 ","3,518 ","3,078 ","4,655 ","4,655 ","2,805 ","3,600 ","3,318 ","2,342 ","2,342 ","4,664 ","4,983 ","4,147 ","6,673 ","6,673 ","8,111 ","11,778 ","8,730 ","6,909 ","6,909 ","5,536 ","7,579 ",,,"7,579 "
Investments in certificate of deposits,,,,,,,,,"1,190 ","1,190 ","1,824 ","1,949 ","1,064 ",123 ,123 ,24 ,25 ,244 ,345 ,345 ,354 ,262 ,0 ,0 ,0 ,0 ,528 ,658 ,859 ,859 ,583 ,103 , -   , -   , -   , -   , -   , -   , -   , -   , -   , - , -   , -   , -   , -   , -   , -   , -   , -   , -   , -   , -   , -   , -   , -   , -   , -   , -   , -   , -   , -   , -   , -   , -   , -   , -   , -   , -   , -   , -   , -   , -   , -   , -   , -   , -   ,,, -   
Trade receivables,"3,336 ","3,293 ","3,510 ","3,672 ","3,672 ","3,417 ","3,366 ","3,369 ","3,494 ","3,494 ","3,844 ","4,171 ","4,331 ","4,653 ","4,653 ","4,880 ","5,433 ","6,054 ","5,882 ","5,882 ","6,899 ","6,682 ","6,960 ","7,083 ","7,083 ","8,167 ","8,343 ","8,943 ","8,351 ","8,351 ","9,171 ","9,040 ","9,061 ","9,713 ","9,713 ","10,548 ","10,397 ","10,857 ","11,330 ","11,330 ","11,893 ","11,571 ","12,942 ","12,322 ","12,322 ","12,488 ","13,423 ","13,143 ","13,142 ","13,142 ","13,699 ","14,781 ","14,861 ","14,827 ","14,827 ","15,803 ","16,055 ","18,055 ","18,487 ","18,487 ","18,778 ","17,930 ","19,213 ","19,294 ","19,294 ","20,421 ","20,121 ","22,569 ","22,698 ","22,698 ","23,038 ","25,397 ","27,660 ","25,424 ","25,424 ","26,183 ","28,261 ",,,"28,261 "
Unbilled Revenues,702 ,800 ,800 ,750 ,750 ,873 ,788 ,803 ,841 ,841 ,"1,058 ","1,056 ",979 ,"1,243 ","1,243 ","1,392 ","1,463 ","1,578 ","1,873 ","1,873 ","2,011 ","1,946 ","2,227 ","2,435 ","2,435 ","2,664 ","3,151 ","2,616 ","2,811 ","2,811 ","2,965 ","2,948 ","2,929 ","2,845 ","2,845 ","2,953 ","3,441 ","2,976 ","3,029 ","3,029 ","3,270 ","3,892 ","3,413 ","3,648 ","3,648 ","3,945 ","4,136 ","3,663 ","4,261 ","4,261 ","4,655 ","5,187 ","4,799 ","5,374 ","5,374 ","6,655 ","7,269 ","6,525 ","7,121 ","7,121 ","7,166 ","7,596 ","7,669 ","7,527 ","7,527 ","8,456 ","9,413 ","9,853 ","11,568 ","11,568 ","13,499 ","13,303 ","13,139 ","15,289 ","15,289 ","14,628 ","14,054 ",,,"14,054 "
Loans & Advances,"2,423 ","2,006 ","2,124 ", -   , -   ,"2,616 ","2,930 ", -   , -   , -   , -   , -   , -   , -   , -   , -   , -   , -   , -   , -   , -   , -   , -   , -   , -   , -   , -   , -   , -   , -   , -   , -   , -   , -   , -   , -   , -   , -   , -   , -   , -   , -   , -   , -   , -   , -   , -   , -   , -   , -   , -   , -   , -   , -   , -   , -   , -   , -   , -   , -   , -   , -   , -   , -   , -   , -   , -   , -   , -   , -   , -   , -   , -   , -   , -   , -   , -   ,,, -   
Derivative financial instruments, -   , -   , -   , -   , -   , -   , -   ,74 ,95 ,95 , -   ,18 ,46 ,66 ,66 ,81 , -   , -   , -   , -   , -   ,143 , -   ,101 ,101 , -   , -   , -   ,215 ,215 ,95 ,45 ,29 ,101 ,101 ,41 ,29 ,54 ,116 ,116 ,60 ,89 ,103 ,284 ,284 ,24 ,9 ,84 ,16 ,16 ,36 ,21 ,418 ,336 ,336 ,178 ,108 ,36 ,62 ,62 ,88 ,257 ,168 ,188 ,188 ,64 ,122 ,213 ,143 ,143 ,99 ,102 ,87 ,101 ,101 ,171 ,171 ,,,171 
Income tax assets, -   , -   , -   , -   , -   , -   , -   , -   , -   , -   , -   , -   , -   , -   , -   ,608 , -   , -   , -   , -   , -   , -   , -   , -   , -   , -   , -   , -   , -   , -   , -   , -   , -   , -   , -   , -   , -   , -   , -   , -   , -   , -   , -   , -   , -   , -   , -   , 537 , -   , -   , -   , -   , -   , 423 , 423 , 259 , 34 , 7 , 7 , 7 , 7 , -   , -   , -   , -   , -   , -   , -   , 54 , 54 , -   , -   , -   , 6 , 6 , 11 , 42 ,,, 42 
Prepayments and other Current assets, -   , -   , -   , 411 , 411 , -   , -   , 545 , 641 , 641 , 728 , 786 , 833 , 917 , 917 , 953 , 998 ," 1,530 "," 1,523 "," 1,523 "," 1,753 "," 1,741 "," 1,843 "," 2,123 "," 2,123 "," 2,446 "," 2,435 "," 2,639 "," 2,636 "," 2,636 "," 2,909 "," 2,761 "," 2,761 "," 3,296 "," 3,296 "," 4,010 "," 4,684 "," 4,939 "," 4,448 "," 4,448 "," 5,437 "," 5,171 "," 5,457 "," 4,856 "," 4,856 "," 5,312 "," 5,206 "," 5,694 "," 4,313 "," 4,313 "," 4,841 "," 4,795 "," 5,417 "," 5,723 "," 5,723 "," 5,874 "," 5,392 "," 5,851 "," 5,595 "," 5,595 "," 6,434 "," 5,531 "," 5,915 "," 6,668 "," 6,668 "," 6,848 "," 7,313 "," 7,885 "," 8,577 "," 8,577 "," 9,835 "," 9,482 "," 11,213 "," 10,979 "," 10,979 "," 11,373 "," 11,247 ",,," 11,247 "
,,,,," 15,826 "," 17,636 "," 19,357 "," 19,240 "," 20,890 "," 20,890 "," 21,635 "," 23,419 "," 22,086 "," 23,689 "," 23,689 "," 24,883 "," 26,495 "," 28,914 "," 30,246 "," 30,246 "," 31,209 "," 33,017 "," 33,466 "," 35,313 "," 35,313 "," 36,845 "," 39,810 "," 40,389 "," 43,019 "," 43,019 "," 43,592 "," 47,100 "," 48,312 "," 47,196 "," 47,196 "," 46,430 "," 49,079 "," 48,753 "," 51,695 "," 51,695 "," 52,273 "," 54,609 "," 52,395 "," 53,705 "," 53,705 "," 55,274 "," 58,235 "," 46,213 "," 47,957 "," 47,957 "," 46,613 "," 50,215 "," 51,762 "," 52,878 "," 52,878 "," 49,784 "," 48,849 "," 50,840 "," 54,576 "," 54,576 "," 58,317 "," 57,325 "," 58,362 "," 60,733 "," 60,733 "," 61,792 "," 60,008 "," 60,610 "," 67,185 "," 67,185 "," 68,564 "," 74,931 "," 72,416 "," 70,881 "," 70,881 "," 77,474 "," 77,067 ",,," 77,067 "
Assets held for sale, -   , -   , -   , -   , -   , -   , -   , -   , -   , -   , -   , -   , -   , -   , -   , -   , -   , -   , -   ,, -   , -   , -   , -   , -   , -   , -   , -   , -   , -   , -   , -   , -   , -   , -   , -   , -   , -   , -   , -   , -   , -   , -   , -   , -   , -   , -   , -   ," 2,060 "," 2,060 "," 1,867 "," 1,958 ", -   , -   , -   , -   , -   , -   , -   , -   , -   , -   , -   , -   , -   , -   , -   , -   , -   , -   , -   , -   , -   , -   , -   , -   , -   ,,, -   
Total current assets,"12,759 ","14,390 ","15,095 ","15,826 ","15,826 ","17,636 ","19,357 ","19,240 ","20,890 ","20,890 ","21,635 ","23,419 ","22,086 ","23,689 ","23,689 ","24,883 ","26,495 ","28,914 ","30,246 ","30,246 ","31,209 ","33,017 ","33,466 ","35,313 ","35,313 ","36,845 ","39,810 ","40,389 ","43,019 ","43,019 ","43,592 ","47,100 ","48,312 ","47,196 ","47,196 ","46,430 ","49,079 ","48,753 ","51,695 ","51,695 ","52,273 ","54,609 ","52,395 ","53,705 ","53,705 ","55,274 ","58,235 ","46,213 ","50,017 ","50,017 ","48,480 ","52,173 ","51,762 ","52,878 ","52,878 ","49,784 ","48,849 ","50,840 ","54,576 ","54,576 ","58,317 ","57,325 ","58,362 ","60,733 ","60,733 ","61,792 ","60,008 ","60,610 ","67,185 ","67,185 ","68,564 ","74,931 ","72,416 ","70,881 ","70,881 ","77,474 ","77,067 ",,,"77,067 "
Non-current assets,,,,,,,,,,,,,,,,,,,,,,,,,,,,,,,,,,,,,,,,,,,,,,,,,,,,,,,,,,,,,,,,,,,,,,,,,,,,,,,,
"Property, plant and equipment","2,917 ","2,942 ","3,651 ","4,665 ","4,665 ","4,033 ","4,134 ","4,473 ","4,439 ","4,439 ","4,436 ","4,529 ","4,724 ","4,844 ","4,844 ","4,888 ","5,024 ","5,070 ","5,409 ","5,409 ","5,614 ","5,797 ","6,133 ","6,468 ","6,468 ","6,678 ","7,010 ","7,426 ","7,887 ","7,887 ","8,146 ","8,398 ","8,732 ","9,125 ","9,125 ","9,511 ","9,686 ","10,039 ","10,530 ","10,530 ","10,965 ","11,197 ","11,410 ","11,716 ","11,716 ","11,848 ","11,846 ","11,835 ","12,143 ","12,143 ","12,192 ","12,376 ","12,680 ","13,356 ","13,356 ","13,137 ","13,313 ","13,538 ","13,699 ","13,699 ","13,777 ","13,791 ","13,634 ","13,623 ","13,623 ","13,560 ","13,422 ","13,344 ","13,579 ","13,579 ","13,479 ","13,402 ","13,417 ","13,793 ","13,793 ","13,438 ","13,179 ",,,"13,179 "
Right-of-use assets,,,,,,,,,,,,,,,,,,,,,,,,,,,,,,,,,,,,,,,,,,,,,,,,,,,,,,,,"3,729 ","3,917 ","3,854 ","4,168 ","4,168 ","3,997 ","4,195 ","4,511 ","4,794 ","4,794 ","4,560 ","4,599 ","4,733 ","4,823 ","4,823 ","5,283 ","5,625 ","6,480 ","6,882 ","6,882 ","7,049 ","6,950 ",,,"6,950 "
Goodwill,702 , -   ,702 ,692 ,692 ,689 ,689 ,832 ,829 ,829 ,825 ,824 ,823 ,825 ,825 ,826 ,836 ,850 ,993 ,993 ,"1,018 ","1,009 ","2,025 ","1,976 ","1,976 ","2,080 ","2,201 ","2,190 ","2,157 ","2,157 ","2,159 ","2,097 ","2,078 ","3,091 ","3,091 ","3,635 ","3,668 ","3,705 ","3,764 ","3,764 ","3,792 ","3,771 ","3,760 ","3,652 ","3,652 ","3,701 ","3,788 ","3,727 ","2,211 ","2,211 ","2,394 ","2,496 ","3,586 ","3,540 ","3,540 ","4,063 ","4,080 ","4,166 ","5,286 ","5,286 ","5,369 ","5,360 ","6,198 ","6,079 ","6,079 ","6,197 ","6,122 ","6,119 ","6,195 ","6,195 ","6,424 ","6,892 ","7,247 ","7,248 ","7,248 ","7,233 ","7,240 ",,,"7,240 "
Intangible assets,, -   , -   ,35 ,35 , -   , -   ,69 ,56 ,56 ,56 ,52 ,50 ,48 ,48 ,46 ,119 ,126 ,173 ,173 ,179 ,180 ,397 ,368 ,368 ,381 ,391 ,370 ,342 ,342 ,324 ,301 ,282 ,638 ,638 ,944 ,917 ,"1,040 ",985 ,985 ,958 ,904 ,861 ,776 ,776 ,730 ,700 ,599 ,247 ,247 ,370 ,364 ,756 ,691 ,691 ,"1,426 ","1,356 ","1,321 ","1,900 ","1,900 ","1,851 ","1,752 ","2,244 ","2,072 ","2,072 ","2,024 ","1,895 ","1,780 ","1,707 ","1,707 ","1,712 ","1,828 ","1,836 ","1,749 ","1,749 ","1,643 ","1,547 ",,,"1,547 "
Capital WIP,"1,338 ","1,273 ",919 , -   , -   ,557 ,420 , -   , -   , -   , -   , -   , -   , -   , -   , -   , -   , -   , -   , -   , -   , -   , -   , -   , -   , -   , -   , -   , -   , -   , -   , -   , -   , -   , -   , -   , -   , -   , -   ,, -   , -   , -   , -   ,, -   , -   , -   , -   , -   , -   , -   , -   , -   , -   , -   , -   , -   , -   , -   , -   , -   , -   , -   , -   , -   , -   , -   , -   , -   , -   , -   , -   , -   , -   , -   , -   ,,, -   
Investment in associate, -   , -   , -   , -   , -   , -   , -   , -   , -   , -   , -   , -   , -   , -   , -   , -   , -   , -   , -   , -   , -   , -   , -   , -   , -   , -   , -   , -   , -   , -   , -   , -   , -   ,93 ,93 , 95 , 96 , 104 ,103 ,103 , 103 , 99 , 100 ,71 ,71 , -   , -   , -   , -   , -   , -   , -   , -   , -   , -   , -   , -   , -   , -   , -   , -   , -   , -   , -   , -   , -   , -   , -   , -   , -   , -   , -   , -   , -   , -   , -   , -   ,,, -   
Available-for-sale financial assets/non-current investments, -   , -   , -   , -   , -   , -   , -   , -   ,38 ,38 , -   , -   ,28 ,23 ,23 ,21 ,12 ,12 ,12 ,12 ,6 ,9 ,8 ,394 ,394 ,516 ,"1,031 ","1,256 ","1,252 ","1,252 ","1,304 ","1,316 ","1,350 ","1,345 ","1,345 ","1,371 ","1,609 ","1,683 ","1,811 ","1,811 ","1,740 ","1,931 ","5,405 ","6,382 ","6,382 ","6,061 ","6,169 ","6,111 ","5,756 ","5,756 ","5,623 ","5,165 ","4,535 ","4,634 ","4,634 ","3,779 ","3,943 ","4,241 ","4,137 ","4,137 ","6,440 ","7,754 ","7,995 ","11,863 ","11,863 ","11,989 ","10,096 ","12,066 ","13,651 ","13,651 ","13,141 ","12,670 ","12,386 ","12,569 ","12,569 ","11,991 ","11,744 ",,,"11,744 "
Investment in govt bonds, -   , -   , -   , -   , -   , -   , -   , -   , -   , -   , -   , -   , -   , -   , -   , -   , -   , -   , -   , -   ,50 ,65 ,65 , -   , -   , -   , -   , -   , -   , -   , -   , -   , -   , -   , -   , -   , -   , -   , -   , -   , -   ,, -   , -   , -   , -   , -   , -   , -   , -   , -   , -   , -   , -   , -   , -   , -   , -   , -   , -   , -   , -   , -   , -   , -   , -   , -   , -   , -   , -   , -   , -   , -   , -   , -   , -   , -   ,,, -   
Unbilled Revenues,,,,,,,,,,,,,,,,,,,,,,,,,,,,,,,,,,,,,,,,,,,,,,,,,,,,,,,,,,,,, -   , -   , -   , 594 , 594 , 722 , 758 , 940 , 941 , 941 ," 1,185 "," 1,414 ","1,708 "," 1,449 "," 1,449 "," 1,379 "," 1,419 ",,," 1,419 "
    Deferred income tax assets,126 ,115 ,138 ,447 ,447 ,135 ,182 ,637 ,346 ,346 ,285 ,309 ,322 ,378 ,378 ,378 ,406 ,354 ,316 ,316 ,330 ,353 ,422 ,503 ,503 ,513 ,555 ,608 ,656 ,656 ,656 ,666 ,626 ,537 ,537 ,484 ,511 ,519 ,536 ,536 ,626 ,628 ,621 ,540 ,540 ,679 ,724 ,"1,177 ","1,282 ","1,282 ","1,300 ","1,360 ","1,218 ","1,372 ","1,372 ","1,412 ","1,363 ","1,392 ","1,744 ","1,744 ","1,496 ","1,305 ","1,231 ","1,098 ","1,098 ","1,015 ",976 ,923 ,"1,212 ","1,212 ","1,332 ","1,377 ","1,157 ","1,245 ","1,245 ","1,025 ",868 ,,,868 
Income tax assets, -   , -   , -   ,274 ,274 , -   , -   ,374 ,667 ,667 ,572 ,641 ,735 ,993 ,993 ,377 ,"1,035 ",825 ,"1,037 ","1,037 ","1,052 ","1,051 ","1,051 ","1,092 ","1,092 ","1,105 ","1,388 ","1,491 ","1,522 ","1,522 ","1,514 ","1,530 ","1,597 ","4,089 ","4,089 ","4,612 ","4,693 ","4,750 ","5,230 ","5,230 ","5,211 ","5,248 ","5,333 ","5,716 ","5,716 ","6,076 ","6,239 ","5,514 ","6,070 ","6,070 ","6,056 ","6,085 ","6,505 ","6,320 ","6,320 ","6,326 ","6,407 ","5,276 ","5,384 ","5,384 ","5,458 ","5,402 ","5,453 ","5,811 ","5,811 ","5,801 ","5,796 ","6,005 ","6,098 ","6,098 ","6,132 ","6,160 ","6,319 ","6,453 ","6,453 ","6,922 ","6,945 ",,,"6,945 "
    Other Non Current Assets, -   , -   , -   , 262 , 262 , -   , -   , 341 , 347 , 347 , 588 , 519 , 553 , 463 , 463 , 523 , 590 , 159 , 162 , 162 , 116 , 170 , 183 , 237 , 237 , 165 , 189 , 251 , 220 , 220 , 224 , 272 , 242 , 238 , 238 , 302 , 647 , 671 , 735 , 735 , 751 , 719 , 755 , 797 , 797 , 756 , 777 , 779 ," 2,164 "," 2,164 "," 1,688 "," 1,806 "," 1,807 "," 1,947 "," 1,947 "," 2,046 "," 1,983 "," 1,821 "," 1,874 "," 1,874 "," 1,734 "," 1,694 "," 1,715 "," 1,719 "," 1,719 "," 1,826 "," 2,438 "," 2,557 "," 2,494 "," 2,494 "," 2,727 "," 2,932 "," 3,000 "," 3,547 "," 3,547 "," 3,168 "," 3,340 ",,," 3,340 "
Total non-current assets,"5,083 ","4,330 ","5,410 ","6,375 ","6,375 ","5,414 ","5,425 ","6,726 ","6,722 ","6,722 ","6,762 ","6,874 ","7,235 ","7,574 ","7,574 ","7,059 ","8,022 ","7,396 ","8,102 ","8,102 ","8,365 ","8,634 ","10,284 ","11,038 ","11,038 ","11,438 ","12,765 ","13,592 ","14,036 ","14,036 ","14,327 ","14,580 ","14,907 ","19,156 ","19,156 ","20,954 ","21,827 ","22,511 ","23,694 ","23,694 ","24,146 ","24,497 ","28,245 ","29,650 ","29,650 ","29,851 ","30,243 ","29,742 ","29,873 ","29,873 ","29,623 ","29,652 ","31,087 ","31,860 ","31,860 ","35,918 ","36,362 ","35,609 ","38,192 ","38,192 ","40,122 ","41,253 ","42,981 ","47,653 ","47,653 ","47,694 ","46,102 ","48,467 ","50,700 ","50,700 ","51,415 ","52,300 ","53,550 ","54,935 ","54,935 ","53,848 ","53,232 ",,,"53,232 "
Total Assets,"17,842 ","18,720 ","20,505 ","22,201 ","22,201 ","23,050 ","24,782 ","25,966 ","27,612 ","27,612 ","28,397 ","30,293 ","29,321 ","31,263 ","31,263 ","31,942 ","34,517 ","36,310 ","38,348 ","38,348 ","39,574 ","41,651 ","43,750 ","46,351 ","46,351 ","48,283 ","52,575 ","53,981 ","57,055 ","57,055 ","57,919 ","61,680 ","63,219 ","66,352 ","66,352 ","67,384 ","70,906 ","71,264 ","75,389 ","75,389 ","76,419 ","79,106 ","80,640 ","83,355 ","83,355 ","85,125 ","88,478 ","75,955 ","79,890 ","79,890 ","78,103 ","81,825 ","82,849 ","84,738 ","84,738 ","85,702 ","85,211 ","86,449 ","92,768 ","92,768 ","98,439 ","98,578 ","101,343 ","108,386 ","108,386 ","109,486 ","106,110 ","109,077 ","117,885 ","117,885 ","119,979 ","127,231 ","125,966 ","125,816 ","125,816 ","131,322 ","130,299 ",,,"130,299 "
,,,,,,,,,,,,,,,,,,,,,,,,,,,,,,,,,,,,,,,,,,,,,,,,,,,,,,,,,,,,,,,,,,,,,,,,,,,,,,,,
Liabilities and equity,,,,,,,,,,,,,,,,,,,,,,,,,,,,,,,,,,,,,,,,,,,,,,,,,,,,,,,,,,,,,,,,,,,,,,,,,,,,,,,,
Trade payables,,,,27 ,27 ,,,13 ,10 ,10 ,21 ,38 ,29 ,44 ,44 ,21 ,24 ,29 ,23 ,23 ,42 ,29 ,75 ,189 ,189 ,74 ,100 ,181 ,173 ,173 ,105 ,135 ,175 ,140 ,140 ,196 ,110 ,131 ,386 ,386 ,262 ,307 ,335 ,367 ,367 ,260 ,538 ,502 ,694 ,694 ,798 ,"1,193 ","1,525 ","1,655 ","1,655 ","2,185 ","2,134 ","1,876 ","2,852 ","2,852 ","2,762 ","2,375 ","2,479 ","2,645 ","2,645 ","2,668 ","3,176 ","3,762 ","4,134 ","4,134 ","3,957 ","4,162 ","4,788 ","3,865 ","3,865 ","3,759 ","3,203 ",,,"3,203 "
Lease liabilities,,,,,,,,,,,,,,,,,,,,,,,,,,,,,,,,,,,,,,,,,,,,,,,,,,,,,,,,494 ,515 ,568 ,619 ,619 ,657 ,647 ,675 ,738 ,738 ,740 ,788 ,831 ,872 ,872 ,883 ,950 ,"1,143 ","1,242 ","1,242 ","1,824 ","1,920 ",,,"1,920 "
Derivative financial instruments,,,,114 ,114 ,,,,,,25 ,,,,,,175 ,310 ,42 ,42 ,272 , -   , -   , -   , -   ,273 ,452 ,100 , -   , -   , -   ,25 ,31 ,3 ,3 , 6 ,18 ,8 ,5 ,5 , 7 ,2 ,6 ,2 ,2 ,45 ,65 ,10 ,42 ,42 ,136 ,310 , -   ,15 ,15 ,20 ,38 , 90 ,491 ,491 ,84 ,22 ,38 ,56 ,56 ,50 ,44 ,48 ,61 ,61 ,223 ,249 ,225 ,78 ,78 ,52 ,77 ,,,77 
Current income tax liabilities,,,,581 ,581 ,,,720 ,724 ,724 ,966 ,904 ,812 ,817 ,817 ,"1,036 ","1,127 ",928 ,"1,054 ","1,054 ","1,410 ","1,273 ","1,249 ","1,329 ","1,329 ","1,708 ","1,910 ","1,966 ","2,187 ","2,187 ","2,655 ","2,679 ","2,654 ","2,818 ","2,818 ","3,162 ","3,118 ","2,967 ","3,410 ","3,410 ","4,109 ","3,851 ","3,879 ","3,885 ","3,885 ","4,539 ","4,570 ","2,536 ","2,043 ","2,043 ","2,032 ","1,448 ","1,722 ","1,567 ","1,567 ","2,104 ","1,528 ","1,544 ","1,490 ","1,490 ","2,161 ","1,593 ","1,533 ","2,146 ","2,146 ","2,896 ","2,455 ","2,532 ","2,607 ","2,607 ","3,616 ","3,224 ","3,168 ","3,384 ","3,384 ","4,781 ","4,188 ",,,"4,188 "
Client deposits,13 ,29 ,24 ,5 ,5 ,7 ,7 ,15 ,8 ,8 ,17 ,11 ,22 ,22 ,22 ,15 ,12 ,17 ,15 ,15 ,12 ,8 ,65 ,36 ,36 ,26 ,21 ,46 ,40 ,40 ,39 ,25 ,22 ,27 ,27 ,21 ,22 ,36 ,28 ,28 ,26 ,11 ,27 ,32 ,32 ,16 ,12 ,151 ,38 ,38 ,187 ,90 ,31 ,26 ,26 ,26 ,16 ,17 ,18 ,18 ,21 , -   , -   , -   , -   , -   , -   , -   , -   , -   , -   , -   , -   , -   , -   , -   , -   ,,, -   
Unearned revenue,393 ,371 ,427 ,331 ,331 ,429 ,560 ,620 ,531 ,531 ,581 ,597 ,573 ,518 ,518 ,526 ,592 ,571 ,545 ,545 ,771 ,762 ,801 ,823 ,823 ,834 ,843 ,877 ,660 ,660 ,860 ,840 ,876 ,"1,052 ","1,052 ","1,183 ","1,107 ","1,393 ","1,332 ","1,332 ","1,539 ","1,478 ","1,819 ","1,777 ","1,777 ","1,998 ","1,998 ","2,313 ","2,295 ","2,295 ","2,327 ","2,405 ","3,028 ","2,809 ","2,809 ","2,813 ","2,708 ","3,124 ","2,990 ","2,990 ","3,099 ","3,356 ","3,978 ","4,050 ","4,050 ","4,278 ","4,394 ","6,192 ","6,324 ","6,324 ","6,319 ","6,953 ","7,117 ","7,163 ","7,163 ","7,330 ","7,011 ",,,"7,011 "
Employee benefit obligations,,,,104 ,104 ,,,141 ,131 ,131 ,141 ,149 ,127 ,140 ,140 ,107 ,123 ,515 ,498 ,498 ,567 ,577 ,599 ,614 ,614 ,688 ,893 ,915 ,954 ,954 ,"1,052 ","1,017 ","1,043 ","1,069 ","1,069 ","1,163 ","1,199 ","1,268 ","1,341 ","1,341 ","1,420 ","1,440 ","1,428 ","1,359 ","1,359 ","1,423 ","1,491 ","1,452 ","1,421 ","1,421 ","1,498 ","1,555 ","1,596 ","1,619 ","1,619 ","1,713 ","1,825 ","1,914 ","1,832 ","1,832 ","1,910 ","1,941 ","2,028 ","2,020 ","2,020 ","2,257 ","2,236 ","2,219 ","2,182 ","2,182 ","2,230 ","2,247 ","2,400 ","2,399 ","2,399 ","2,543 ","2,613 ",,,"2,613 "
Provisions,525 ,"1,230 ",646 ,92 ,92 ,"1,203 ","1,754 ",75 ,82 ,82 ,85 ,81 ,81 ,88 ,88 ,121 ,100 ,145 ,133 ,133 ,148 ,212 ,215 ,213 ,213 ,217 ,443 ,303 ,379 ,379 ,374 ,409 ,450 ,478 ,478 ,474 ,435 ,482 ,512 ,512 ,536 ,621 ,412 ,405 ,405 ,404 ,417 ,452 ,492 ,492 ,523 ,617 ,582 ,576 ,576 ,583 ,608 ,603 ,572 ,572 ,633 ,686 ,742 ,713 ,713 ,726 ,862 ,996 ,975 ,975 ,"1,032 ","1,141 ","1,417 ","1,307 ","1,307 ","1,538 ","1,702 ",,,"1,702 "
Other current liabilities," 1,762 "," 1,580 "," 1,892 "," 1,471 "," 1,471 "," 1,574 "," 1,704 "," 1,667 "," 1,707 "," 1,707 "," 1,780 "," 1,931 "," 1,899 "," 2,012 "," 2,012 "," 1,954 "," 2,225 "," 2,514 "," 2,456 "," 2,456 "," 2,488 "," 2,648 "," 3,092 "," 3,082 "," 3,082 "," 3,550 "," 4,368 "," 4,530 "," 4,745 "," 4,745 "," 4,880 "," 5,521 "," 6,064 "," 5,796 "," 5,796 "," 6,920 "," 7,148 "," 6,486 "," 6,225 "," 6,225 "," 6,850 "," 6,185 "," 6,818 "," 6,186 "," 6,186 "," 7,612 "," 6,695 "," 6,644 "," 6,756 "," 6,756 "," 8,688 "," 7,831 "," 8,311 "," 10,371 "," 10,371 "," 13,956 "," 9,839 "," 10,267 "," 9,992 "," 9,992 "," 14,566 "," 10,066 "," 10,933 "," 11,497 "," 11,497 "," 15,923 "," 13,733 "," 14,585 "," 16,448 "," 16,448 "," 18,411 "," 18,409 "," 20,947 "," 19,748 "," 19,748 "," 24,668 "," 18,143 ",,," 18,143 "
,,,,," 2,725 "," 3,213 "," 4,025 "," 3,251 "," 3,193 "," 3,193 "," 3,616 "," 3,711 "," 3,543 "," 3,641 "," 3,641 "," 3,780 "," 4,378 "," 5,029 "," 4,766 "," 4,766 "," 5,710 "," 5,509 "," 6,096 "," 6,286 "," 6,286 "," 7,370 "," 9,030 "," 8,918 "," 9,138 "," 9,138 "," 9,965 "," 10,651 "," 11,315 "," 11,383 "," 11,383 "," 13,125 "," 13,157 "," 12,771 "," 13,239 "," 13,239 "," 14,749 "," 13,895 "," 14,724 "," 14,013 "," 14,013 "," 16,297 "," 15,786 "," 14,060 "," 13,781 "," 13,781 "," 16,189 "," 15,449 "," 16,795 "," 18,638 "," 18,638 "," 23,894 "," 19,211 "," 20,003 "," 20,856 "," 20,856 "," 25,893 "," 20,686 "," 22,406 "," 23,865 "," 23,865 "," 29,538 "," 27,688 "," 31,165 "," 33,603 "," 33,603 "," 36,671 "," 37,335 "," 41,205 "," 39,186 "," 39,186 "," 46,495 "," 38,857 ",,," 38,857 "
Liabilities directly associated with assets held for sale,0 ,0 ,0 ,0 , -   ,0 ,0 , -   , -   , -   , -   , -   , -   , -   , -   , -   , -   , -   , -   , -   , -   , -   , -   , -   , -   , -   , -   , -   , -   , -   , -   , -   , -   , -   , -   , -   , -   , -   , -   , -   , -   , -   , -   , -   , -   , -   , -   , -   , 324 , 324 , 345 , 346 , -   , -   , -   , -   , -   , -   , -   , -   , -   , -   , -   , -   , -   , -   , -   , -   , -   , -   , -   , -   , -   , -   , -   , -   , -   ,,, -   
Total current liabilities,"2,693 ","3,210 ","2,989 ","2,725 "," 2,725 ","3,213 ","4,025 ","3,251 ","3,193 "," 3,193 ","3,616 ","3,711 ","3,543 ","3,641 "," 3,641 ","3,780 ","4,378 ","5,029 ","4,766 "," 4,766 ","5,710 ","5,509 ","6,096 ","6,286 "," 6,286 ","7,370 ","9,030 ","8,918 ","9,138 "," 9,138 ","9,965 ","10,651 ","11,315 ","11,383 "," 11,383 ","13,125 ","13,157 ","12,771 ","13,239 "," 13,239 ","14,749 ","13,895 ","14,724 ","14,013 "," 14,013 ","16,297 ","15,786 ","14,060 ","14,105 "," 14,105 ","16,534 ","15,795 ","16,795 ","18,638 "," 18,638 ","23,894 ","19,211 ","20,003 ","20,856 "," 20,856 ","25,893 ","20,686 ","22,406 ","23,865 "," 23,865 ","29,538 ","27,688 ","31,165 ","33,603 "," 33,603 ","36,671 ","37,335 ","41,205 ","39,186 "," 39,186 ","46,495 ","38,857 ",,," 38,857 "
Non-current liabilities,,,,,,,,,,,,,,,,,,,,,,,,,,,,,,,,,,,,,,,,,,,,,,,,,,,,,,,,,,,,,,,,,,,,,,,,,,,,,,,,
Lease liabilities,,,,,,,,,,,,,,,,,,,,,,,,,,,,,,,,,,,,,,,,,,,,,,,,,,,,,,,,"3,338 ","3,562 ","3,575 ","4,014 ","4,014 ","3,865 ","4,068 ","4,386 ","4,587 ","4,587 ","4,391 ","4,356 ","4,481 ","4,602 ","4,602 ","5,176 ","5,572 ","6,577 ","7,057 ","7,057 ","6,659 ","6,626 ",,,"6,626 "
Deferred income tax liabilities,,,,39 ,39 ,,,39 ,114 ,114 ,2 ,1 ,7 ,,,,0 ,28 ,12 ,12 ,58 ,55 ,85 ,119 ,119 ,139 ,70 ,67 ,64 ,64 ,61 ,56 ,54 ,160 ,160 ,284 ,277 ,268 ,256 ,256 ,248 ,235 ,225 ,207 ,207 ,197 ,188 ,638 ,541 ,541 ,505 ,474 ,533 ,672 ,672 ,774 ,707 ,627 ,968 ,968 ,930 ,863 ,840 ,875 ,875 ,840 ,858 ,841 ,"1,156 ","1,156 ","1,140 ","1,120 ","1,059 ","1,220 ","1,220 ","1,118 ","1,028 ",,,"1,028 "
Other non-current liabilities,,,,,,,,40 ,61 ,61 ,59 ,56 ,62 ,60 ,60 ,79 ,78 ,80 ,109 ,109 ,119 ,71 ,100 ,149 ,149 ,199 ,276 ,303 ,323 ,323 ,357 ,391 ,62 ,46 ,46 ,116 ,127 ,157 ,115 ,115 ,135 ,151 ,175 ,153 ,153 ,117 ,134 ,232 ,272 ,272 ,335 ,361 ,439 ,378 ,378 ,795 ,805 ,966 ,"1,048 ","1,048 ","1,189 ","1,469 ","1,594 ","2,180 ","2,180 ","2,309 ","2,759 ","2,719 ","2,696 ","2,696 ","2,790 ","2,776 ","2,365 ","2,475 ","2,475 ","2,141 ","2,552 ",,,"2,552 "
Employee benefit obligations, -   , -   , -   , 243 , 243 , -   , -   , 216 , 171 , 171 , 178 , 200 , 245 , 259 , 259 , 331 , 393 , -   , -   , -   , -   , -   , -   , -   , -   , -   , -   , -   , -   , -   , -   , -   , -   , -   , -   , -   , -   , -   , -   , -   , -   , -   , -   , -   , -   , -   , -   , 51 , 48 , 48 , 43 , 46 , 45 , 44 , 44 , 45 , 45 , 47 , 38 , 38 , 51 , 58 , 65 , 97 , 97 , 95 , 101 , 93 , 92 , 92 , 81 , 81 , 87 , 83 , 83 , 81 , 82 ,,, 82 
Total liabilities,"2,693 ","3,210 ","2,989 ","3,007 ","3,007 ","3,213 ","4,025 ","3,546 ","3,539 ","3,539 ","3,855 ","3,968 ","3,857 ","3,960 ","3,960 ","4,190 ","4,849 ","5,137 ","4,887 ","4,887 ","5,887 ","5,635 ","6,281 ","6,554 ","6,554 ","7,708 ","9,376 ","9,288 ","9,525 ","9,525 ","10,383 ","11,098 ","11,431 ","11,589 ","11,589 ","13,525 ","13,561 ","13,196 ","13,610 ","13,610 ","15,132 ","14,281 ","15,124 ","14,373 ","14,373 ","16,611 ","16,108 ","14,981 ","14,966 ","14,966 ","17,417 ","16,676 ","17,812 ","19,732 ","19,732 ","28,846 ","24,330 ","25,218 ","26,924 ","26,924 ","31,928 ","27,144 ","29,291 ","31,604 ","31,604 ","37,173 ","35,762 ","39,299 ","42,149 ","42,149 ","45,858 ","46,884 ","51,293 ","50,021 ","50,021 ","56,494 ","49,145 ",,,"49,145 "
Equity,,,,,,,,,,,,,,,,,,,,,,,,,,,,,,,,,,,,,,,,,,,,,,,,,,,,,,,,,,,,,,,,,,,,,,,,,,,,,,,,
   Share capital,286 ,286 ,286 ,286 ,286 ,287 ,287 ,286 ,286 ,286 ,286 ,286 ,286 ,286 ,286 ,286 ,286 ,286 ,286 ,286 ,286 ,286 ,286 ,286 ,286 ,286 ,286 ,286 ,286 ,286 ,286 ,286 ,572 ,572 ,572 ,"1,144 ","1,144 ","1,144 ","1,144 ","1,144 ","1,144 ","1,144 ","1,144 ","1,144 ","1,144 ","1,144 ","1,144 ","1,088 ","1,088 ","1,088 ","1,088 ","2,176 ","2,176 ","2,170 ","2,170 ","2,137 ","2,121 ","2,121 ","2,122 ","2,122 ","2,122 ","2,123 ","2,123 ","2,124 ","2,124 ","2,122 ","2,097 ","2,097 ","2,098 ","2,098 ","2,098 ","2,099 ","2,086 ","2,069 ","2,069 ","2,070 ","2,070 ",,,"2,070 "
   Share premium,"2,877 ","2,889 ","2,899 ","2,944 ","2,944 ","2,942 ","2,964 ","3,008 ","3,047 ","3,047 ","3,051 ","3,059 ","3,070 ","3,082 ","3,082 ","3,085 ","3,086 ","3,087 ","3,089 ","3,089 ","3,089 ","3,090 ","3,090 ","3,090 ","3,090 ","3,090 ","3,090 ","3,090 ","3,090 ","3,090 ","3,090 ","3,091 ","2,805 ","2,806 ","2,806 ","2,236 ","2,238 ","2,239 ","2,241 ","2,241 ","2,250 ","2,272 ","2,313 ","2,356 ","2,356 ","2,401 ","2,392 ",158 ,186 ,186 ,229 ,281 ,333 ,396 ,396 ,460 ,520 ,552 ,600 ,600 ,665 ,745 ,828 ,993 ,993 ,"1,107 ",564 ,669 ,827 ,827 ,976 ,"1,131 ",929 ,"1,065 ","1,065 ","1,204 ","1,333 ",,,"1,333 "
   Retained earnings,"11,986 ","12,335 ","14,331 ","15,972 ","15,972 ","16,608 ","17,506 ","19,068 ","20,668 ","20,668 ","21,157 ","22,894 ","22,008 ","23,826 ","23,826 ","24,245 ","26,125 ","27,500 ","29,816 ","29,816 ","29,979 ","32,348 ","33,720 ","36,114 ","36,114 ","36,647 ","39,054 ","40,592 ","43,584 ","43,584 ","43,593 ","46,689 ","47,881 ","50,978 ","50,978 ","49,947 ","53,346 ","54,058 ","57,655 ","57,655 ","57,168 ","60,773 ","61,452 ","65,056 ","65,056 ","64,149 ","67,503 ","58,093 ","61,241 ","61,241 ","56,567 ","59,195 ","58,880 ","58,848 ","58,848 ","49,988 ","53,802 ","53,449 ","57,506 ","57,506 ","57,294 ","61,652 ","60,896 ","65,397 ","65,397 ","59,977 ","58,078 ","57,078 ","62,423 ","62,423 ","61,350 ","67,653 ","59,203 ","60,063 ","60,063 ","58,214 ","63,789 ",,,"63,789 "
   Cash flow hedge reserves,,,,,,,,,,, -   , -   , -   , -   , -   , -   , -   , -   , -   , -   , -   , -   , -   , -   , -   , -   , -   , -   , -   , -   , -   , -   , -   , -   , -   , -   , -   , 1 , -   , -   , -   , 2 , 28 , 39 , 39 , (27), (7), (2), -   , -   , 9 , (20), 36 , 21 , 21 , (3), 14 , (15), (15), (15), (21), 6 , (16), 10 , 10 , 15 , 21 , 14 , 2 , 2 , 28 , 16 , (41), (5), (5), 1 , 24 ,,, 24 
   Other Reserves,,,,,,,,,,,,,,,,,,,,,,,,,,,,,,,,,,,,,,,,,,,,,, 329 , 702 ," 1,040 "," 1,583 "," 1,583 "," 1,920 "," 2,314 "," 2,573 "," 2,570 "," 2,570 "," 2,898 "," 3,099 "," 3,806 "," 4,070 "," 4,070 "," 4,487 "," 4,972 "," 5,810 "," 6,385 "," 6,385 "," 6,915 "," 7,470 "," 7,996 "," 8,339 "," 8,339 "," 8,043 "," 7,762 "," 10,045 "," 10,014 "," 10,014 "," 10,572 "," 11,209 ",,," 11,209 "
   Capital redemption reserve,,,,, -   ,,,,, -   ,,,,, -   ,,,,, -   ,,,,, -   ,,,,, -   ,,,,, -   ,,,,, -   ,,,,, -   , -   , -   , 56 , 56 , 56 , 56 , 56 , 56 , 61 , 61 , 94 , 111 , 111 , 111 , 111 , 111 , 111 , 111 , 111 , 111 , 113 , 139 , 139 , 139 , 139 , 139 , 139 , 150 , 169 , 169 , 169 , 169 ,,, 169 
   Other components of equity,,,, (8), (8),,, 58 , 72 , 72 , 48 , 86 , 100 , 109 , 109 , 136 , 171 , 300 , 270 , 270 , 333 , 292 , 373 , 307 , 307 , 552 , 769 , 725 , 570 , 570 , 567 , 516 , 530 , 407 , 407 , 532 , 617 , 626 , 739 , 739 , 725 , 634 , 579 , 387 , 387 , 518 , 636 , 541 , 769 , 769 , 816 ," 1,146 ", 929 , 882 , 882 , 906 , 854 , 832 ," 1,056 "," 1,056 "," 1,415 "," 1,391 "," 1,863 "," 1,331 "," 1,331 "," 1,622 "," 1,570 "," 1,408 "," 1,522 "," 1,522 "," 1,122 "," 1,181 "," 1,920 "," 2,032 "," 2,032 "," 2,213 "," 2,174 ",,," 2,174 "
Total equity attributable to the equity holders of the company,"15,149 ","15,510 ","17,516 ","19,194 ","19,194 ","19,837 ","20,757 ","22,420 ","24,073 ","24,073 ","24,542 ","26,325 ","25,464 ","27,303 ","27,303 ","27,752 ","29,668 ","31,173 ","33,461 ","33,461 ","33,687 ","36,016 ","37,469 ","39,797 ","39,797 ","40,575 ","43,199 ","44,693 ","47,530 ","47,530 ","47,536 ","50,582 ","51,788 ","54,763 ","54,763 ","53,859 ","57,345 ","58,068 ","61,779 ","61,779 ","61,287 ","64,825 ","65,516 ","68,982 ","68,982 ","68,514 ","72,370 ","60,974 ","64,923 ","64,923 ","60,685 ","65,148 ","64,983 ","64,948 ","64,948 ","56,480 ","60,521 ","60,856 ","65,450 ","65,450 ","66,073 ","71,000 ","71,615 ","76,351 ","76,351 ","71,871 ","69,939 ","69,401 ","75,350 ","75,350 ","73,756 ","79,981 ","74,292 ","75,407 ","75,407 ","74,443 ","80,768 ",,,"80,768 "
   Non-controlling interests,,,,, -   ,,,,, -   ,,,,, -   ,,,,, -   ,,,,, -   ,,,,, -   ,,,,, -   ,,,,, -   ,,,,, -   , -   , -   , -   , 1 , 1 , 1 , 1 , 54 , 58 , 58 , 376 , 360 , 375 , 394 , 394 , 438 , 434 , 437 , 431 , 431 , 442 , 409 , 377 , 386 , 386 , 365 , 366 , 381 , 388 , 388 , 385 , 386 ,,, 386 
Total Equity  ,,,,,"19,194 ","19,837 ","20,757 ","22,420 ","24,073 ","24,073 ","24,542 ","26,325 ","25,464 ","27,303 ","27,303 ","27,752 ","29,668 ","31,173 ","33,461 ","33,461 ","33,687 ","36,016 ","37,469 ","39,797 ","39,797 ","40,575 ","43,199 ","44,693 ","47,530 ","47,530 ","47,536 ","50,582 ","51,788 ","54,763 ","54,763 ","53,859 ","57,345 ","58,068 ","61,779 ","61,779 ","61,287 ","64,825 ","65,516 ","68,982 ","68,982 ","68,514 ","72,370 ","60,974 ","64,924 ","64,924 ","60,686 ","65,149 ","65,037 ","65,006 ","65,006 ","56,856 ","60,881 ","61,231 ","65,844 ","65,844 ","66,511 ","71,434 ","72,052 ","76,782 ","76,782 ","72,313 ","70,348 ","69,778 ","75,736 ","75,736 ","74,121 ","80,347 ","74,673 ","75,795 ","75,795 ","74,828 ","81,154 ",,,"81,154 "
Total liabilities and equity,"17,842 ","18,720 ","20,505 ","22,201 ","22,201 ","23,050 ","24,782 ","25,966 ","27,612 ","27,612 ","28,397 ","30,293 ","29,321 ","31,263 ","31,263 ","31,942 ","34,517 ","36,310 ","38,348 ","38,348 ","39,574 ","41,651 ","43,750 ","46,351 ","46,351 ","48,283 ","52,575 ","53,981 ","57,055 ","57,055 ","57,919 ","61,680 ","63,219 ","66,352 ","66,352 ","67,384 ","70,906 ","71,264 ","75,389 ","75,389 ","76,419 ","79,106 ","80,640 ","83,355 ","83,355 ","85,125 ","88,478 ","75,955 ","79,890 ","79,890 ","78,103 ","81,825 ","82,849 ","84,738 ","84,738 ","85,702 ","85,211 ","86,449 ","92,768 ","92,768 ","98,439 ","98,578 ","101,343 ","108,386 ","108,386 ","109,486 ","106,110 ","109,077 ","117,885 ","117,885 ","119,979 ","127,231 ","125,966 ","125,816 ","125,816 ","131,322 ","130,299 ",,,"130,299 "
,,,,,,,,,,,,,,,,,,,,,,,,,,,,,,,,,,,,,,,,,,,,,,,,,,,,,,,,,,,,,,,,,,,,,,,,,,,,,,,,
,,,,,,,,,,,,,,,,,,,,,,,,,,,,,,,,,,,,,,,,,,,,,,,,,,,,,,,,,,,,,,,,,,,,,,,,,,,,,,,,
Notes:,,,,,,,,,,,,,,,,,,,,,,,,,,,,,,,,,,,,,,,,,,,,,,,,,,,,,,,,,,,,,,,,,,,,,,,,,,,,,,,,
Transition to IFRS took place from Q3 FY10 prior to which the financials highlighted are reported under Indian GAAP.,,,,,,,,,,,,,,,,,,,,,,,,,,,,,,,,,,,,,,,,,,,,,,,,,,,,,,,,,,,,,,,,,,,,,,,,,,,,,,,,
